file,status,is_medical,document_type,confidence,reason,elapsed_seconds,code
5069200904.pdf,success,True,LAB_REPORT,0.9,"The document is a laboratory report, specifically a complete blood count (CBC) report, including blood cell counts, hematocrit, and clotting time measurements.",4.547,
60300505154.pdf,success,True,LAB_REPORT,0.9,"The document is a laboratory report, specifically a Hemogram report, including RBC count, WBC count, and other hematological parameters.",2.266,
body_scan_report.pdf,success,True,IMAGING_REPORT,0.9,The document is an ultrasound report of the abdomen and pelvis.,2.078,
lab_1_.jpeg,success,True,PRESCERIPTION,0.9,"The document is a prescription from a clinic, including patient information, medication details, and instructions.",2.125,
Manjuben Ranoliya.pdf,success,True,CONSULTATION_REPORT,0.9,"The document is a dental quotation, including details of the patient, procedure, and estimated cost. It is a consultation report for dental treatment.",2.125,
Media (1).jpg,success,True,LAB_REPORT,0.9,The document is a urine analysis report,2.031,
Media (10).jpg,success,True,LAB_REPORT,0.9,"The document contains a urine test result, including parameters, results, and reference values, indicating it is a lab report.",1.937,
Media (11).jpg,success,True,LAB_REPORT,0.9,"The document contains lab results, including creatinine, electrolytes, and protein levels, and is labeled as a lab report.",2.0,
Media (12).jpg,success,True,DISCHARGE_SUMMARY,0.99,"The document is a discharge summary from a hospital, containing patient information, medical history, diagnosis, treatment, and medications.",2.344,
Media (13).jpg,success,True,LAB_REPORT,0.9,The document is a urine analysis report from a laboratory.,3.5,
Media (14).jpg,success,True,DISCHARGE_SUMMARY,0.9,"The document is a discharge summary from a hospital, containing patient information, medical history, diagnosis, treatment, and lab results.",1.985,
Media (15).jpg,success,True,LAB_REPORT,0.9,"The document contains test results, sample types, and clinical information, indicating it is a lab report.",1.953,
Media (16).jpg,success,True,IMAGING_REPORT,0.9,"The document is an ultrasound report of the abdomen and pelvis, including findings on the liver, gallbladder, pancreas, spleen, kidneys, uterus, and ovaries. It also includes the patient's name, date, and the names of the doctors who performed the ultrasound.",2.109,
Media (17).jpg,success,True,LAB_REPORT,0.9,"The document is a lab report, specifically a CBC (Complete Blood Count) result.",2.141,
Media (18).jpg,success,True,LAB_REPORT,0.9,"The document contains a urine analysis, physical examination results, and chemical examination results, indicating it is a lab report.",2.031,
Media (19).jpg,success,True,LAB_REPORT,0.9,"The document contains a complete blood count (CBC) result, including various parameters and reference values.",2.062,
Media (2).jpg,success,True,LAB_REPORT,0.9,"The document contains a urine analysis report with various parameters and results, including physical examination, chemical examination, and microscopic examination.",2.047,
Media (20).jpg,success,True,LAB_REPORT,0.9,The document is a urine test report from a hospital laboratory.,1.922,
Media (21).jpg,success,True,LAB_REPORT,0.9,The document is a lab report with various medical parameters and results.,2.125,
Media (22).jpg,success,True,LAB_REPORT,0.9,"The document contains lab results, including CBC, blood urea, and electrolytes.",2.078,
Media (23).jpg,success,True,LAB_REPORT,0.9,"The document is a lab report with information about a patient's blood test results, including the type of test, results, and clinical significance.",2.094,
Media (24).jpg,success,True,LAB_REPORT,0.9,"The document contains lab results, including serum, enzyme, and other parameters, and is likely a medical laboratory report.",2.109,
Media (25).jpg,success,True,LAB_REPORT,0.9,The document is a complete blood count (CBC) report from a hospital laboratory.,2.282,
Media (3).jpg,success,True,LAB_REPORT,0.9,"The document contains a bone marker test result, indicating it is a lab report.",2.062,
Media (4).jpg,success,True,DISCHARGE_SUMMARY,0.99,"The document is a discharge summary from a hospital, containing patient information, medical history, diagnosis, treatment, and medications.",2.594,
Media (5).jpg,success,True,LAB_REPORT,0.9,"The document is a lab report with blood test results, including blood urea, creatinine, electrolytes, and other parameters. It also includes the patient's name, age, gender, and the lab's information. The report is signed by a pathologist.",2.781,
Media (6).jpg,success,True,LAB_REPORT,0.9,"The document contains lab results, including the name of the test (Creatinine Phospho Kinase), the method used (IFCC Kinetic), the result, the unit, and the biological reference interval. It also includes information about the sample source and the lab.",2.422,
Media (7).jpg,success,True,LAB_REPORT,0.9,"The document is a lab report, containing results of a blood test, including the name of the test, the method used, the results, and the units of measurement. It also includes information about the sample type, the instrument used, and the laboratory name.",3.781,
Media (8).jpg,success,True,LAB_REPORT,0.9,"The document contains a Parathyroid Hormone (PTH) test result, indicating it is a lab report.",2.282,
Media (9).jpg,success,False,,0.0,Failed to parse document classification output,12.75,
Media.jpg,success,True,LAB_REPORT,0.9,The document is a urine examination report from a laboratory.,9.265,
P1(CIMS)(21042022).pdf,success,True,CONSULTATION_REPORT,0.9,"The document contains patient information, vital signs, chief complaint, diagnosis, and doctor's notes, indicating a consultation report.",6.985,
P1(CIMS)(27112023).pdf,success,True,CONSULTATION_REPORT,0.9,"The document is a consultation report from a cardiologist, including patient information, examination findings, and a doctor's signature.",8.625,
P2(CIMS)(21042022).pdf,success,True,OTHER_MEDICAL_DOCUMENT,0.9,"The document is an echocardiogram report, including patient details, echo identification, findings description, and doctor's signature.",8.187,
P2(CIMS)(27112023.pdf,success,True,SURGERY_PROCEDURE_REPORT,0.9,"The document describes a linear ablation procedure, including the location, catheter termination, and post-ablation findings. It also includes relevant parameters like conduction intervals, AV block, and heart rate measurements. The document is a patient copy of a surgical procedure report.",11.109,
Reports.pdf,success,True,LAB_REPORT,0.9,"The document is a blood test report with various tests and results, including CBC, Hemoglobin, RBC, etc.",3.407,
Trimutri(30082024).pdf,success,True,OTHER_MEDICAL_DOCUMENT,0.9,"The document is a medical invoice from a hospital, including patient details, medications, and doctor's information. It is not a prescription, lab report, or other specific medical document type.",7.547,
Unique(28122024).pdf,success,False,,0.0,Failed to parse document classification output,16.718,
Urocare(10012025).pdf,success,True,CONSULTATION_REPORT,0.9,"The document is a consultation paper from a doctor's office, including patient information, appointment details, and the doctor's notes.",13.485,
Urocare(10012025.pdf,success,True,CONSULTATION_REPORT,0.9,"The document is a consultation report from a hospital, including patient information, doctor's details, and medical findings.",6.906,
Valjibhai Dis Rep 0326.pdf,success,True,DISCHARGE_SUMMARY,0.99,"The document is a discharge summary from a hospital, containing patient information, medical history, treatment details, and discharge instructions.",7.875,
